{"inputs": {"input0": [224, 224, 3]}, "outputs": {"output0": [1, 1, 2]}, "params_quantity": 1834514, "loss": [[1, 0.59816], [2, 0.56913], [3, 0.56604], [4, 0.56739], [5, 0.58933], [6, 0.63056], [7, 0.62367], [8, 0.53859], [9, 0.53572], [10, 0.53939], [11, 0.51911], [12, 0.53955], [13, 0.59648], [14, 0.56572], [15, 0.52441], [16, 0.53432], [17, 0.52384], [18, 0.52289], [19, 0.51361], [20, 0.56567], [21, 0.55006], [22, 0.49764], [23, 0.46472], [24, 0.49723], [25, 0.48911], [26, 0.49523], [27, 0.44069], [28, 0.4597], [29, 0.50894], [30, 0.45649], [31, 0.41085], [32, 0.51303], [33, 0.49585], [34, 0.44676], [35, 0.45785], [36, 0.42232], [37, 0.52099], [38, 0.44089], [39, 0.48828], [40, 0.44906], [41, 0.53387], [42, 0.58954], [43, 0.60051], [44, 0.55728], [45, 0.50674], [46, 0.51056], [47, 0.52061], [48, 0.45312], [49, 0.47059], [50, 0.45684], [51, 0.52358], [52, 0.51013], [53, 0.46357], [54, 0.42992], [55, 0.47042], [56, 0.53717], [57, 0.47437], [58, 0.47365], [59, 0.43915], [60, 0.41176], [61, 0.46036], [62, 0.46005], [63, 0.46249], [64, 0.40541], [65, 0.45182], [66, 0.42361], [67, 0.39796], [68, 0.41906], [69, 0.4318], [70, 0.39417], [71, 0.42255], [72, 0.38601], [73, 0.38831], [74, 0.42182], [75, 0.42801], [76, 0.41588], [77, 0.39501], [78, 0.47322], [79, 0.42096], [80, 0.39211], [81, 0.42291], [82, 0.43045], [83, 0.46466], [84, 0.38937], [85, 0.42677], [86, 0.43217], [87, 0.36322], [88, 0.3743], [89, 0.40132], [90, 0.40166], [91, 0.41252], [92, 0.39361], [93, 0.4148], [94, 0.4288], [95, 0.39272], [96, 0.4385], [97, 0.3811], [98, 0.42003], [99, 0.40729], [100, 0.41065]], "acc": [[1, 0.69231], [2, 0.73846], [3, 0.67692], [4, 0.70769], [5, 0.70769], [6, 0.63077], [7, 0.70769], [8, 0.75385], [9, 0.76923], [10, 0.73846], [11, 0.8], [12, 0.70769], [13, 0.73846], [14, 0.70769], [15, 0.72308], [16, 0.73846], [17, 0.76923], [18, 0.72308], [19, 0.8], [20, 0.72308], [21, 0.73846], [22, 0.73846], [23, 0.78462], [24, 0.75385], [25, 0.84615], [26, 0.73846], [27, 0.75385], [28, 0.8], [29, 0.8], [30, 0.78462], [31, 0.81538], [32, 0.75385], [33, 0.76923], [34, 0.81538], [35, 0.81538], [36, 0.81538], [37, 0.75385], [38, 0.84615], [39, 0.75385], [40, 0.76923], [41, 0.78462], [42, 0.70769], [43, 0.69231], [44, 0.72308], [45, 0.76923], [46, 0.67692], [47, 0.75385], [48, 0.81538], [49, 0.78462], [50, 0.86154], [51, 0.73846], [52, 0.73846], [53, 0.81538], [54, 0.83077], [55, 0.81538], [56, 0.76923], [57, 0.8], [58, 0.8], [59, 0.84615], [60, 0.83077], [61, 0.83077], [62, 0.78462], [63, 0.76923], [64, 0.86154], [65, 0.76923], [66, 0.75385], [67, 0.86154], [68, 0.83077], [69, 0.8], [70, 0.86154], [71, 0.81538], [72, 0.8], [73, 0.81538], [74, 0.83077], [75, 0.8], [76, 0.83077], [77, 0.84615], [78, 0.73846], [79, 0.84615], [80, 0.83077], [81, 0.83077], [82, 0.8], [83, 0.75385], [84, 0.81538], [85, 0.84615], [86, 0.78462], [87, 0.89231], [88, 0.84615], [89, 0.86154], [90, 0.84615], [91, 0.81538], [92, 0.8], [93, 0.83077], [94, 0.8], [95, 0.81538], [96, 0.8], [97, 0.87692], [98, 0.81538], [99, 0.84615], [100, 0.78462]], "lr": [[1, 0.001], [2, 0.00098], [3, 0.00095], [4, 0.00093], [5, 0.00091], [6, 0.00089], [7, 0.00087], [8, 0.00085], [9, 0.00083], [10, 0.00081], [11, 0.00079], [12, 0.00078], [13, 0.00076], [14, 0.00074], [15, 0.00072], [16, 0.00071], [17, 0.00069], [18, 0.00068], [19, 0.00066], [20, 0.00065], [21, 0.00063], [22, 0.00062], [23, 0.0006], [24, 0.00059], [25, 0.00058], [26, 0.00056], [27, 0.00055], [28, 0.00054], [29, 0.00052], [30, 0.00051], [31, 0.0005], [32, 0.00049], [33, 0.00048], [34, 0.00047], [35, 0.00046], [36, 0.00045], [37, 0.00044], [38, 0.00043], [39, 0.00042], [40, 0.00041], [41, 0.0004], [42, 0.00039], [43, 0.00038], [44, 0.00037], [45, 0.00036], [46, 0.00035], [47, 0.00035], [48, 0.00034], [49, 0.00033], [50, 0.00032], [51, 0.00032], [52, 0.00031], [53, 0.0003], [54, 0.0003], [55, 0.00029], [56, 0.00028], [57, 0.00028], [58, 0.00027], [59, 0.00026], [60, 0.00026], [61, 0.00025], [62, 0.00025], [63, 0.00024], [64, 0.00023], [65, 0.00023], [66, 0.00022], [67, 0.00022], [68, 0.00021], [69, 0.00021], [70, 0.0002], [71, 0.0002], [72, 0.00019], [73, 0.00019], [74, 0.00019], [75, 0.00018], [76, 0.00018], [77, 0.00017], [78, 0.00017], [79, 0.00017], [80, 0.00016], [81, 0.00016], [82, 0.00015], [83, 0.00015], [84, 0.00015], [85, 0.00014], [86, 0.00014], [87, 0.00014], [88, 0.00013], [89, 0.00013], [90, 0.00013], [91, 0.00013], [92, 0.00012], [93, 0.00012], [94, 0.00012], [95, 0.00011], [96, 0.00011], [97, 0.00011], [98, 0.00011], [99, 0.0001], [100, 0.0001]], "val_loss": [[10, 0.83368], [20, 0.72145], [30, 0.74441], [40, 0.71662], [50, 0.682], [60, 0.63155], [70, 0.63598], [80, 0.55688], [90, 0.50782], [100, 0.47483]], "val_acc": [[10, 0.4], [20, 0.6], [30, 0.5], [40, 0.5], [50, 0.5], [60, 0.5], [70, 0.5], [80, 0.5], [90, 0.6], [100, 0.6]], "mean": 123.5, "std": 58.395, "label_type": "classification", "data_type": "image", "labels": ["cat", "dog"], "best_eval": {"epoch": 99, "val_acc": 0.6, "val_info": [{"name": "65ae80f031e246fab0ccf0ee4d222102.jpg", "nickname": "download-7.jpg", "pred": 0, "gt": 1, "ok": false}, {"name": "55d7bb1da2ff436cbe08459f8d9013b5.jpg", "nickname": "images-5.jpg", "pred": 0, "gt": 0, "ok": true}, {"name": "d7b4bd108d444f77a3e27379f62804a2.jpg", "nickname": "download-4.jpg", "pred": 0, "gt": 1, "ok": false}, {"name": "f576727422bf4fbfa4dd33145c87fa4d.jpg", "nickname": "images-10.jpg", "pred": 0, "gt": 0, "ok": true}, {"name": "e20e0cea2e3741daa2400f31780e5660.jpg", "nickname": "images-15.jpg", "pred": 0, "gt": 1, "ok": false}, {"name": "c21d360ba7e2432897f4862d3957a98f.jpg", "nickname": "images-9.jpg", "pred": 1, "gt": 1, "ok": true}, {"name": "cf714ebfd5be4b3899ceed4a36218370.jpg", "nickname": "images-16.jpg", "pred": 0, "gt": 0, "ok": true}, {"name": "a8321ea5f29246a595e1dfdda3e35cfd.jpg", "nickname": "cat 3.jpg", "pred": 0, "gt": 0, "ok": true}, {"name": "ebf536ca2ccc49fbb0a64b9fa57b465e.jpg", "nickname": "images-9.jpg", "pred": 0, "gt": 0, "ok": true}, {"name": "f3d6827d73a54ad49ad4a04c54555318.jpg", "nickname": "images-7.jpg", "pred": 0, "gt": 1, "ok": false}]}}